card_id	card_name	filename
SP_SSR_0094	進化したお弁当、気になる	SP_SSR_0094.png
SP_SSR_0093	あたしの勝ち、ですね〜！	SP_SSR_0093.png
SP_SSR_0092	合格おめでとう！	SP_SSR_0092.png
SP_SSR_0091	かかってらっしゃい！	SP_SSR_0091.png
SP_SSR_0090	みいつけた。	SP_SSR_0090.png
SP_SSR_0089	思い出の宝箱だ、ね	SP_SSR_0089.png
SP_SSR_0088	手毬のリサイタル、だね	SP_SSR_0088.png
SP_SSR_0087	オシャレもメイクも♪	SP_SSR_0087.png
SP_SSR_0086	堂々とサボってる！？	SP_SSR_0086.png
SP_SSR_0085	自分と向き合う時間だ	SP_SSR_0085.png
SP_SSR_0084	なぜこんなところにッ！？	SP_SSR_0084.png
SP_SSR_0083	貸せ、手本を見せてやる！	SP_SSR_0083.png
SP_SSR_0082	メリクリ、おねーちゃん♪	SP_SSR_0082.png
SP_SSR_0081	やっと見つけたぞ！	SP_SSR_0081.png
SP_SSR_0080	ぜったいに取るんだ！	SP_SSR_0080.jpg
SP_SSR_0079	レディ・セット、ゴー！	SP_SSR_0079.jpg
SP_SSR_0078	クールダウンが大切よ！	SP_SSR_0078.jpg
SP_SSR_0077	月村手毬、興味深いわね	SP_SSR_0077.jpg
SP_SSR_0076	これは――お城ッ！！	SP_SSR_0076.jpeg
SP_SSR_0075	大運動会、開催っ！	SP_SSR_0075.jpg
SP_SSR_0074	ちょっと詳しいんです！	SP_SSR_0074.jpg
SP_SSR_0073	ｖギャルピーーースッｖ	SP_SSR_0073.jpg
SP_SSR_0072	おっと、危ないよ	SP_SSR_0072.jpg
SP_SSR_0071	おい、来てやったぞ！	SP_SSR_0071.png
SP_SSR_0070	仲直りしましょう	SP_SSR_0070.png
SP_SSR_0069	いつまでも続けばいいのに	SP_SSR_0069.png
SP_SSR_0068	盛り上げてこー！	SP_SSR_0068.png
SP_SSR_0067	放っておけない気になる子	SP_SSR_0067.png
SP_SSR_0066	お母さんか！	SP_SSR_0066.png
SP_SSR_0065	どんな関係なんですか？	SP_SSR_0065.png
SP_SSR_0064	いつも頑張ってるね。	SP_SSR_0064.png
SP_SSR_0063	推し活なひととき、だね！	SP_SSR_0063.png
SP_SSR_0062	すっかり仲良しって感じ♪	SP_SSR_0062.png
SP_SSR_0061	迷子のおしらせです	SP_SSR_0061.png
SP_SSR_0060	みんなの意見を聞かせて♪	SP_SSR_0060.png
SP_SSR_0059	よくやったな、倉本。	SP_SSR_0059.png
SP_SSR_0058	ひとりごとです	SP_SSR_0058.png
SP_SSR_0057	わたしと美鈴、超仲良し	SP_SSR_0057.png
SP_SSR_0056	利用し合うのが友達！	SP_SSR_0056.png
SP_SSR_0055	相変わらず不器用ね	SP_SSR_0055.png
SP_SSR_0054	さあ、もう一戦！	SP_SSR_0054.png
SP_SSR_0053	相手にとって不足なしよ！	SP_SSR_0053.png
SP_SSR_0052	ここから始まるんだね！	SP_SSR_0052.jpg
SP_SSR_0051	ひとりで立てますか？	SP_SSR_0051.jpg
SP_SSR_0050	新生活のはじまりだね	SP_SSR_0050.jpg
SP_SSR_0049	あなたたちのことが好き	SP_SSR_0049.jpg
SP_SSR_0048	絶対にお渡ししますわっ！	SP_SSR_0048.png
SP_SSR_0047	バレンタイン&#9825;会議中ーっ！	SP_SSR_0047.PNG
SP_SSR_0046	はいっ、みんなも一緒に♪	SP_SSR_0046.png
SP_SSR_0045	これが私達の、3年間	SP_SSR_0045.png
SP_SSR_0044	もう一度、最初から！	SP_SSR_0044.png
SP_SSR_0043	待ちなさーい！	SP_SSR_0043.png
SP_SSR_0042	あったかいね	SP_SSR_0042.png
SP_SSR_0041	キラキラして綺麗〜っ！	SP_SSR_0041.png
SP_SSR_0040	さみだれ	SP_SSR_0040.png
SP_SSR_0039	プロデュースって大変ね	SP_SSR_0039.jpg
SP_SSR_0038	ぜったい追いついてやる！	SP_SSR_0038.jpg
SP_SSR_0037	そろそろ焼けたかな？	SP_SSR_0037.jpg
SP_SSR_0036	食欲の秋なんです	SP_SSR_0036.jpg
SP_SSR_0035	会長、準備は万端です	SP_SSR_0035.jpg
SP_SSR_0034	すっかり秋色ですわね！	SP_SSR_0034.jpg
SP_SSR_0033	似合うんじゃない？	SP_SSR_0033.jpg
SP_SSR_0032	二人ならあっという間だね	SP_SSR_0032.jpg
SP_SSR_0031	1人たりとも欠ける事なく	SP_SSR_0031.jpg
SP_SSR_0030	新たな挑戦の成功ですわ！	SP_SSR_0030.jpg
SP_SSR_0029	ゆっくりと過ごしましょう	SP_SSR_0029.jpg
SP_SSR_0028	あっちも行きたいですわ！	SP_SSR_0028.jpg
SP_SSR_0027	夏を満喫するわよ！	SP_SSR_0027.jpg
SP_SSR_0026	花火、やりませんか……？	SP_SSR_0026.png
SP_SSR_0025	夏を楽しみましょう！	SP_SSR_0025.jpg
SP_SSR_0024	一時休戦です	SP_SSR_0024.jpg
SP_SSR_0023	もうっ！　冷たいよ！	SP_SSR_0023.jpg
SP_SSR_0022	「ア」じゃなくて「エ」！	SP_SSR_0022.jpg
SP_SSR_0021	晴れたね	SP_SSR_0021.jpg
SP_SSR_0020	まだ上がりませんように！	SP_SSR_0020.jpg
SP_SSR_0019	何やってるんだろう、	SP_SSR_0019.png
SP_SSR_0018	第2回教室パーティー！	SP_SSR_0018.png
SP_SSR_0017	あなたにも作ってあげる！	SP_SSR_0017.png
SP_SSR_0016	こいつらめんどくさー	SP_SSR_0016.jpeg
SP_SSR_0015	お姉ちゃんに任せなさい！	SP_SSR_0015.png
SP_SSR_0014	ぐぬぬぬぬ…………！	SP_SSR_0014.png
SP_SSR_0013	次の桜の季節には。	SP_SSR_0013.png
SP_SSR_0012	お疲れ様、千奈ちゃん。	SP_SSR_0012.png
SP_SSR_0011	まるで王子様みたいな	SP_SSR_0011.png
SP_SSR_0010	おいしい顔、いただき〜！	SP_SSR_0010.png
SP_SSR_0009	わたしたち、やればできる	SP_SSR_0009.jpeg
SP_SSR_0008	可愛いと可愛いで可愛い！	SP_SSR_0008.png
SP_SSR_0007	私の目に狂いはない	SP_SSR_0007.png
SP_SSR_0006	また、あんなに無理をして	SP_SSR_0006.png
SP_SSR_0005	あら、奇遇ね	SP_SSR_0005.png
SP_SSR_0004	まじか。	SP_SSR_0004.png
SP_SSR_0003	仕事のつもりで臨みなさい	SP_SSR_0003.jpeg
SP_SSR_0002	ほら、一緒に持と♪	SP_SSR_0002.png
SP_SSR_0001	きみは、自慢の生徒です	SP_SSR_0001.png
SP_SR_0069	お近づきの印☆	SP_SR_0069.png
SP_SR_0068	洗濯物のバランスタワー	SP_SR_0068.png
SP_SR_0067	一番星と王子様	SP_SR_0067.png
SP_SR_0066	仲良しの証	SP_SR_0066.png
SP_SR_0065	おひさま笑顔、満開ふたつ	SP_SR_0065.png
SP_SR_0064	ぐつぐつ、いいにおい♪	SP_SR_0064.png
SP_SR_0063	佑芽ソリレース、疾走！	SP_SR_0063.png
SP_SR_0062	ピコピコでポーン	SP_SR_0062.png
SP_SR_0061	バディ？	SP_SR_0061.png
SP_SR_0060	眠れる森の王子様	SP_SR_0060.jpg
SP_SR_0059	ごきげんような挨拶♪	SP_SR_0059.jpg
SP_SR_0058	あったか足ツボマッサージ	SP_SR_0058.jpg
SP_SR_0057	はっぴぃはろうぃ〜〜ん！	SP_SR_0057.jpeg
SP_SR_0056	腹筋で背筋で体幹キープ！	SP_SR_0056.jpg
SP_SR_0055	トゲトゲ注意報	SP_SR_0055.jpg
SP_SR_0054	師弟の修行	SP_SR_0054.jpg
SP_SR_0053	ちべたなひととき	SP_SR_0053.png
SP_SR_0052	今日は見学なんです	SP_SR_0052.png
SP_SR_0051	スパルタ＆スパイス	SP_SR_0051.png
SP_SR_0050	むず×2ふぁっしょんしょー	SP_SR_0050.png
SP_SR_0049	ばたんきゅー	SP_SR_0049.png
SP_SR_0048	あん・どぅ・とろわっ！	SP_SR_0048.png
SP_SR_0047	主菓子、甘い、薄茶、渋み	SP_SR_0047.png
SP_SR_0046	2名様、ご案内〜♪	SP_SR_0046.png
SP_SR_0045	屈辱の2位	SP_SR_0045.png
SP_SR_0044	奥義、三重とび！	SP_SR_0044.jpg
SP_SR_0043	ガールズ&#9825;トーク	SP_SR_0043.png
SP_SR_0042	虫愛づる王子様	SP_SR_0042.jpg
SP_SR_0041	ピューとシューの二重奏	SP_SR_0041.jpg
SP_SR_0040	まごころを込めて	SP_SR_0040.png
SP_SR_0039	SSCの爆誕	SP_SR_0039.png
SP_SR_0038	目指すはテッペン	SP_SR_0038.png
SP_SR_0037	まだまだのばしてー	SP_SR_0037.png
SP_SR_0036	基礎＞応用	SP_SR_0036.png
SP_SR_0035	カロリー/2でハッピー×2	SP_SR_0035.png
SP_SR_0034	きゅる〜んωポーズッ☆	SP_SR_0034.png
SP_SR_0033	ディカプルエックスエル！	SP_SR_0033.png
SP_SR_0032	サンマ、パタパタ	SP_SR_0032.jpg
SP_SR_0031	バズっちゃお！	SP_SR_0031.jpg
SP_SR_0030	トンボをつかまえて	SP_SR_0030.jpg
SP_SR_0029	SSDのひみつ	SP_SR_0029.jpg
SP_SR_0028	興味深い飲み物	SP_SR_0028.jpg
SP_SR_0027	千奈の恩返し	SP_SR_0027.jpg
SP_SR_0026	ブレイクタイムは珈琲で	SP_SR_0026.jpg
SP_SR_0025	りっぱなすすき！	SP_SR_0025.jpg
SP_SR_0024	キュッと締めて	SP_SR_0024.jpg
SP_SR_0023	ふわふわなお面？	SP_SR_0023.jpg
SP_SR_0022	やさしさ、あったかい	SP_SR_0022.png
SP_SR_0021	第五種接近遭遇	SP_SR_0021.jpg
SP_SR_0020	海、楽しまなきゃ！	SP_SR_0020.jpg
SP_SR_0019	かちこちストレッチ	SP_SR_0019.jpg
SP_SR_0018	どりゃぎゃ	SP_SR_0018.png
SP_SR_0017	パシャっとキメポ	SP_SR_0017.jpg
SP_SR_0016	イヤホンはんぶんこ	SP_SR_0016.png
SP_SR_0015	体当たりのラブコール	SP_SR_0015.jpg
SP_SR_0014	今はあえて、背を向けて	SP_SR_0014.jpg
SP_SR_0013	のらりくらりしっかり	SP_SR_0013.jpg
SP_SR_0012	愛無き暗記は難しい	SP_SR_0012.png
SP_SR_0011	てとりあしとり	SP_SR_0011.jpg
SP_SR_0010	ほっぺた、ぷに	SP_SR_0010.jpg
SP_SR_0009	魅惑の大腿四頭筋	SP_SR_0009.png
SP_SR_0008	ふわふわでワクワク	SP_SR_0008.jpg
SP_SR_0007	嬉し恥ずかし夢心地	SP_SR_0007.jpg
SP_SR_0006	実食！例のSSD	SP_SR_0006.jpg
SP_SR_0005	マイペース、マイライフ	SP_SR_0005.jpg
SP_SR_0004	思惑とガクガク	SP_SR_0004.jpg
SP_SR_0003	ほっとけないクラスメイト	SP_SR_0003.jpg
SP_SR_0002	いつか、きっと花開く	SP_SR_0002.jpg
SP_SR_0001	はじめてのお友達	SP_SR_0001.jpg
SP_R_0013	謹厳実直	SP_R_0013.png
SP_R_0012	念入りにストレッチ	SP_R_0012.jpg
SP_R_0011	全力、その後	SP_R_0011.jpg
SP_R_0010	枝毛をくるり	SP_R_0010.jpg
SP_R_0009	王子様のひと呼吸	SP_R_0009.jpg
SP_R_0008	ひたむき居残りレッスン	SP_R_0008.jpg
SP_R_0007	憧れを目指して	SP_R_0007.jpg
SP_R_0006	スイッチON！	SP_R_0006.jpg
SP_R_0005	いめーじとれーにんぐ	SP_R_0005.jpg
SP_R_0004	完全無欠のプランニング	SP_R_0004.jpg
SP_R_0003	わたしのペースで	SP_R_0003.jpg
SP_R_0002	お姉ちゃん直伝メニュー	SP_R_0002.jpg
SP_R_0001	頼れる先輩お姉さん	SP_R_0001.jpg
SP_SR_0070	騎士とおてんば姫	SP_SR_0070.png
